Num_Acc,inverse_data,week_day,state,severity,weather,location,hrmn,lum,vehicle_type,vehicle_model,engine_size,driver_sex,driver_age,car_age,casualty_severity,casualty_age,casualty_sex,social_class,casualty_type,pedestrian_or_passenger,cause
AID0435,21-12-2022,T,MN,Moderate,Fog,Loc183,509,Twilight,Truck,Model30,2500,F,21,18,Serious,20,F,Middle,Cyclist,Passenger,Traffic Violation
AID0436,17-02-2022,S,AP,Minor,Storm,Loc67,104,Twilight,Truck,Model4,2492,F,23,2,Serious,52,F,Upper,Pedestrian,Pedestrian,Traffic Violation
AID0437,23-03-2023,T,UP,Moderate,Rain,Loc98,227,Daylight,Truck,Model24,1417,M,65,1,Serious,53,M,Middle,Motorcyclist,Pedestrian,Traffic Violation
AID0438,18-05-2022,W,GA,Minor,Snow,Loc56,1225,Night,Truck,Model34,1950,F,36,7,Slight,6,F,Working,Car Passenger,Pedestrian,Traffic Violation
AID0439,29-08-2022,S,MZ,Moderate,Clear,Loc105,554,Daylight,Bus,Model43,934,F,31,5,Serious,21,M,Middle,Cyclist,Pedestrian,Traffic Violation
AID0440,23-04-2022,T,JH,Severe,Clear,Loc68,1029,Daylight,Motorcycle,Model23,1067,F,20,19,Fatal,51,M,Middle,Pedestrian,Pedestrian,Traffic Violation
AID0441,09-04-2023,M,RJ,Moderate,Storm,Loc48,513,Daylight,Motorcycle,Model19,2250,M,43,2,Fatal,22,F,Working,Motorcyclist,Pedestrian,Traffic Violation
AID0442,01-06-2023,T,KL,Minor,Storm,Loc50,628,Night,Car,Model27,1313,M,70,0,Fatal,31,M,Working,Car Passenger,Pedestrian,Traffic Violation
AID0443,26-06-2022,F,TR,Minor,Clear,Loc118,1407,Daylight,Motorcycle,Model48,2100,M,54,5,Fatal,65,F,Working,Motorcyclist,Pedestrian,Traffic Violation
AID0444,24-04-2022,T,GA,Minor,Clear,Loc15,1103,Twilight,Motorcycle,Model7,2443,F,31,6,Fatal,59,F,Working,Motorcyclist,Pedestrian,Traffic Violation
AID0445,26-10-2022,W,AP,Moderate,Rain,Loc4,1654,Night,Bus,Model3,918,F,48,19,Slight,78,M,Upper,Motorcyclist,Passenger,Traffic Violation
AID0446,06-12-2022,T,UP,Minor,Fog,Loc11,322,Twilight,Car,Model38,1936,F,39,0,Serious,45,M,Middle,Motorcyclist,Passenger,Traffic Violation
AID0447,08-11-2022,F,TR,Moderate,Fog,Loc32,1357,Daylight,Car,Model44,2474,M,39,7,Slight,36,M,Upper,Pedestrian,Pedestrian,Traffic Violation
AID0448,08-10-2023,M,PB,Severe,Storm,Loc149,622,Twilight,Car,Model5,2102,F,58,7,Fatal,5,F,Upper,Car Passenger,Pedestrian,Traffic Violation
AID0449,23-09-2023,S,AP,Minor,Clear,Loc104,1838,Night,Car,Model17,2250,M,36,13,Serious,61,M,Upper,Motorcyclist,Pedestrian,Traffic Violation
AID0450,21-05-2023,S,HP,Moderate,Storm,Loc174,330,Daylight,Car,Model47,2176,M,23,2,Fatal,16,F,Middle,Car Passenger,Pedestrian,Traffic Violation
AID0451,14-06-2022,F,GJ,Minor,Snow,Loc7,2031,Night,Truck,Model48,1386,F,42,17,Slight,33,F,Middle,Motorcyclist,Pedestrian,Traffic Violation
AID0452,30-10-2023,M,DL,Moderate,Storm,Loc136,1359,Twilight,Truck,Model14,1564,F,21,12,Slight,46,F,Middle,Motorcyclist,Passenger,Traffic Violation
AID0453,29-12-2022,S,TR,Moderate,Clear,Loc14,2152,Twilight,Truck,Model46,2572,M,56,0,Serious,45,F,Middle,Cyclist,Pedestrian,Traffic Violation
AID0454,03-11-2022,W,GJ,Severe,Rain,Loc67,308,Daylight,Bus,Model37,2684,M,19,14,Serious,21,M,Working,Pedestrian,Pedestrian,Traffic Violation
AID0455,09-08-2023,S,PB,Severe,Rain,Loc131,1609,Twilight,Truck,Model40,1236,M,50,14,Fatal,21,M,Upper,Motorcyclist,Passenger,Traffic Violation
AID0456,25-03-2022,T,MP,Moderate,Clear,Loc130,228,Night,Bus,Model18,2864,F,27,6,Slight,37,M,Middle,Motorcyclist,Passenger,Traffic Violation
AID0457,30-11-2022,F,GJ,Severe,Snow,Loc5,1025,Twilight,Car,Model34,1935,F,66,4,Fatal,52,M,Upper,Motorcyclist,Passenger,Traffic Violation
AID0458,24-11-2023,M,MP,Severe,Storm,Loc171,933,Daylight,Motorcycle,Model6,1760,F,29,0,Fatal,58,M,Upper,Pedestrian,Pedestrian,Traffic Violation
AID0459,11-04-2022,M,KL,Severe,Clear,Loc98,1529,Daylight,Truck,Model2,2759,M,38,1,Serious,37,M,Working,Cyclist,Pedestrian,Traffic Violation
AID0460,09-10-2023,W,GJ,Severe,Rain,Loc133,1936,Twilight,Truck,Model24,1479,F,36,8,Fatal,48,F,Upper,Pedestrian,Pedestrian,Traffic Violation
AID0461,21-03-2023,S,HP,Minor,Storm,Loc32,658,Daylight,Bus,Model10,2863,M,34,12,Slight,44,F,Middle,Motorcyclist,Pedestrian,Traffic Violation
AID0462,29-06-2022,W,MP,Minor,Snow,Loc80,1943,Twilight,Car,Model44,1681,F,60,14,Fatal,27,M,Middle,Motorcyclist,Passenger,Traffic Violation
AID0463,02-06-2022,T,HP,Moderate,Storm,Loc200,1822,Daylight,Truck,Model24,1770,F,35,19,Serious,3,F,Working,Motorcyclist,Pedestrian,Traffic Violation
AID0464,11-06-2022,S,BR,Minor,Clear,Loc18,1055,Twilight,Bus,Model42,2424,M,34,17,Fatal,33,F,Working,Cyclist,Pedestrian,Traffic Violation
AID0465,04-06-2022,T,AS,Moderate,Rain,Loc187,644,Twilight,Truck,Model22,1831,M,22,3,Fatal,49,M,Working,Pedestrian,Passenger,Traffic Violation
AID0466,08-01-2023,T,KL,Severe,Clear,Loc190,21,Night,Truck,Model3,2092,M,43,8,Serious,31,M,Working,Pedestrian,Passenger,Traffic Violation
AID0467,29-05-2022,W,JH,Moderate,Clear,Loc15,118,Twilight,Truck,Model18,1264,M,59,12,Fatal,17,F,Upper,Pedestrian,Pedestrian,Traffic Violation
AID0468,12-06-2023,M,AS,Minor,Storm,Loc36,1613,Twilight,Car,Model16,801,F,63,0,Slight,27,F,Middle,Car Passenger,Pedestrian,Traffic Violation
AID0469,13-12-2023,T,AS,Moderate,Fog,Loc56,2328,Twilight,Truck,Model38,2119,M,54,16,Fatal,46,F,Working,Pedestrian,Passenger,Traffic Violation
AID0470,05-03-2023,S,TN,Minor,Snow,Loc87,1711,Night,Bus,Model8,1974,F,53,12,Fatal,31,F,Upper,Motorcyclist,Pedestrian,Traffic Violation
AID0471,04-03-2022,M,AS,Moderate,Fog,Loc34,1534,Daylight,Motorcycle,Model35,1674,M,55,14,Serious,13,M,Middle,Car Passenger,Pedestrian,Traffic Violation
AID0472,05-05-2022,T,JH,Minor,Rain,Loc24,1745,Twilight,Truck,Model5,2268,M,45,11,Serious,33,F,Working,Motorcyclist,Pedestrian,Traffic Violation
AID0473,26-10-2023,W,BR,Minor,Storm,Loc143,1941,Twilight,Car,Model49,2302,M,55,7,Serious,48,F,Middle,Motorcyclist,Pedestrian,Traffic Violation
AID0474,22-04-2022,W,AS,Severe,Fog,Loc25,327,Daylight,Motorcycle,Model42,2319,M,62,10,Slight,50,M,Middle,Pedestrian,Passenger,Traffic Violation
AID0475,14-05-2022,S,MH,Severe,Snow,Loc106,836,Daylight,Truck,Model35,1480,M,63,13,Slight,18,F,Upper,Cyclist,Pedestrian,Traffic Violation
AID0476,15-01-2022,F,BR,Minor,Rain,Loc43,923,Twilight,Motorcycle,Model15,1975,F,32,18,Fatal,12,M,Upper,Car Passenger,Passenger,Traffic Violation
AID0477,27-04-2023,S,UP,Severe,Fog,Loc102,624,Twilight,Bus,Model34,803,M,22,5,Serious,29,M,Upper,Motorcyclist,Pedestrian,Traffic Violation
AID0478,28-07-2023,S,NL,Severe,Rain,Loc177,2343,Daylight,Truck,Model19,1076,F,67,16,Serious,60,F,Middle,Motorcyclist,Pedestrian,Traffic Violation
AID0479,01-07-2022,T,GJ,Severe,Fog,Loc100,1652,Twilight,Car,Model12,2772,M,41,11,Slight,55,F,Middle,Cyclist,Pedestrian,Traffic Violation
AID0480,24-03-2022,T,GA,Severe,Fog,Loc91,1746,Daylight,Car,Model22,2205,M,47,17,Fatal,58,M,Working,Car Passenger,Pedestrian,Traffic Violation
AID0481,04-08-2022,S,MP,Severe,Fog,Loc68,1444,Twilight,Motorcycle,Model34,1086,F,21,7,Serious,73,M,Upper,Cyclist,Pedestrian,Traffic Violation
AID0482,04-09-2022,M,TN,Severe,Fog,Loc137,1753,Daylight,Bus,Model9,1567,F,50,2,Slight,31,F,Middle,Cyclist,Passenger,Traffic Violation
AID0483,18-12-2023,T,ML,Minor,Fog,Loc183,2211,Night,Truck,Model17,1328,F,32,15,Slight,78,F,Working,Pedestrian,Pedestrian,Traffic Violation
AID0484,09-08-2022,M,KA,Minor,Clear,Loc171,810,Twilight,Truck,Model40,2152,F,55,10,Serious,14,M,Middle,Pedestrian,Passenger,Traffic Violation
AID0485,14-12-2023,M,OD,Minor,Rain,Loc96,214,Daylight,Car,Model39,894,M,67,2,Fatal,5,M,Upper,Car Passenger,Pedestrian,Traffic Violation
AID0486,07-08-2022,T,AP,Severe,Storm,Loc179,426,Night,Bus,Model43,2973,M,62,1,Fatal,17,F,Working,Pedestrian,Pedestrian,Traffic Violation
AID0487,18-04-2023,M,DL,Severe,Rain,Loc175,1913,Daylight,Motorcycle,Model14,1265,F,51,17,Serious,33,F,Working,Pedestrian,Pedestrian,Traffic Violation
AID0488,19-03-2022,S,UK,Severe,Snow,Loc151,1607,Twilight,Truck,Model2,1851,M,38,12,Serious,59,F,Middle,Cyclist,Passenger,Traffic Violation
AID0489,28-06-2023,S,MZ,Moderate,Storm,Loc154,518,Night,Bus,Model30,1058,M,34,16,Fatal,25,F,Upper,Motorcyclist,Passenger,Traffic Violation
AID0490,26-08-2022,T,RJ,Severe,Rain,Loc163,520,Daylight,Motorcycle,Model45,1286,M,66,5,Serious,53,M,Middle,Cyclist,Pedestrian,Traffic Violation
AID0491,11-12-2022,M,PB,Moderate,Snow,Loc193,1754,Night,Bus,Model17,2449,F,38,14,Fatal,28,F,Middle,Cyclist,Pedestrian,Traffic Violation
AID0492,10-10-2022,F,MN,Minor,Storm,Loc56,1555,Twilight,Car,Model40,1107,M,39,3,Slight,60,M,Upper,Motorcyclist,Passenger,Traffic Violation
AID0493,03-08-2023,S,MZ,Moderate,Snow,Loc110,346,Daylight,Car,Model10,1995,M,19,4,Serious,71,M,Middle,Motorcyclist,Passenger,Traffic Violation
AID0494,01-08-2023,T,BR,Severe,Rain,Loc180,557,Twilight,Car,Model6,2836,M,27,13,Fatal,61,F,Upper,Pedestrian,Pedestrian,Traffic Violation
AID0495,05-07-2022,T,JH,Severe,Fog,Loc99,759,Night,Motorcycle,Model28,2821,M,68,20,Fatal,34,F,Working,Pedestrian,Pedestrian,Traffic Violation
AID0496,04-07-2022,T,OD,Minor,Clear,Loc80,1919,Daylight,Motorcycle,Model14,1455,M,51,1,Fatal,57,F,Upper,Car Passenger,Passenger,Traffic Violation
AID0497,28-07-2022,T,TR,Severe,Rain,Loc25,1856,Night,Truck,Model20,965,F,31,11,Serious,58,F,Upper,Pedestrian,Pedestrian,Traffic Violation
AID0498,05-08-2023,W,TR,Minor,Snow,Loc178,1006,Night,Car,Model44,2947,F,35,5,Serious,7,M,Working,Car Passenger,Passenger,Traffic Violation
AID0499,19-04-2022,W,UP,Severe,Fog,Loc5,259,Daylight,Truck,Model6,1716,F,54,2,Fatal,12,M,Middle,Cyclist,Passenger,Traffic Violation
AID0500,23-11-2023,S,ML,Minor,Snow,Loc75,2301,Daylight,Motorcycle,Model7,2074,F,32,4,Fatal,9,F,Middle,Car Passenger,Passenger,Traffic Violation
AID0501,26-05-2022,S,UP,Minor,Fog,Loc121,611,Night,Car,Model48,859,F,35,6,Slight,58,F,Working,Cyclist,Passenger,Traffic Violation
AID0502,13-05-2022,T,UK,Severe,Clear,Loc182,426,Night,Car,Model29,2318,F,34,17,Fatal,33,M,Working,Cyclist,Passenger,Traffic Violation
AID0503,24-11-2022,W,AS,Moderate,Fog,Loc30,1652,Night,Truck,Model49,1424,F,24,13,Serious,42,F,Working,Motorcyclist,Passenger,Traffic Violation
AID0504,12-01-2023,W,UP,Minor,Clear,Loc32,2320,Night,Bus,Model36,946,F,30,12,Fatal,4,F,Working,Cyclist,Passenger,Traffic Violation
AID0505,28-01-2022,T,ML,Moderate,Storm,Loc123,2258,Twilight,Truck,Model13,1489,M,21,11,Slight,71,M,Working,Cyclist,Pedestrian,Traffic Violation
AID0506,11-08-2023,F,TR,Moderate,Fog,Loc63,2002,Twilight,Truck,Model27,875,F,56,16,Serious,16,F,Upper,Car Passenger,Pedestrian,Traffic Violation
AID0507,25-12-2022,M,AR,Severe,Clear,Loc42,1013,Night,Bus,Model28,1823,F,32,5,Serious,8,F,Upper,Pedestrian,Pedestrian,Traffic Violation
AID0508,23-02-2023,S,DL,Moderate,Clear,Loc157,334,Daylight,Truck,Model43,2812,M,64,1,Serious,59,F,Working,Car Passenger,Pedestrian,Traffic Violation
AID0509,03-01-2023,M,CG,Severe,Clear,Loc102,227,Twilight,Motorcycle,Model13,2368,M,69,0,Fatal,53,M,Middle,Cyclist,Passenger,Traffic Violation
AID0510,04-02-2023,F,MP,Severe,Fog,Loc140,231,Night,Truck,Model41,1149,F,69,3,Serious,8,F,Working,Motorcyclist,Passenger,Traffic Violation
AID0511,30-09-2022,W,AR,Severe,Storm,Loc5,844,Night,Bus,Model16,1724,F,31,13,Slight,38,F,Upper,Car Passenger,Passenger,Traffic Violation
AID0512,22-10-2023,S,GJ,Severe,Clear,Loc191,313,Twilight,Bus,Model30,2387,M,35,8,Fatal,71,F,Middle,Car Passenger,Passenger,Traffic Violation
AID0513,17-05-2022,M,RJ,Severe,Snow,Loc108,2204,Night,Motorcycle,Model37,1914,M,33,6,Fatal,64,M,Upper,Pedestrian,Pedestrian,Traffic Violation
AID0514,22-11-2022,M,MN,Severe,Fog,Loc149,414,Twilight,Truck,Model11,1051,F,43,17,Serious,5,F,Working,Motorcyclist,Pedestrian,Traffic Violation
AID0515,07-01-2023,T,CG,Severe,Fog,Loc185,901,Night,Truck,Model47,2231,F,70,17,Slight,52,F,Upper,Car Passenger,Pedestrian,Traffic Violation
AID0516,24-02-2023,F,UK,Minor,Rain,Loc140,1103,Night,Car,Model47,2479,M,38,20,Slight,50,M,Working,Cyclist,Passenger,Traffic Violation
AID0517,26-05-2023,T,MN,Moderate,Snow,Loc107,1019,Twilight,Truck,Model15,1766,M,41,3,Slight,44,M,Middle,Car Passenger,Pedestrian,Traffic Violation
AID0518,08-11-2023,S,BR,Minor,Fog,Loc124,758,Daylight,Truck,Model31,2620,M,28,13,Slight,6,M,Working,Motorcyclist,Pedestrian,Traffic Violation
AID0519,27-06-2022,T,GA,Moderate,Snow,Loc143,833,Daylight,Truck,Model19,1606,F,50,4,Fatal,66,F,Middle,Car Passenger,Passenger,Traffic Violation
AID0520,18-10-2022,F,TR,Minor,Clear,Loc63,28,Twilight,Car,Model34,1060,F,24,13,Slight,59,M,Upper,Motorcyclist,Passenger,Traffic Violation
AID0521,23-09-2023,F,PB,Severe,Fog,Loc133,43,Twilight,Truck,Model31,822,M,67,16,Fatal,52,F,Upper,Car Passenger,Pedestrian,Traffic Violation
AID0522,14-10-2022,T,AS,Minor,Fog,Loc94,1657,Night,Motorcycle,Model21,1679,F,67,13,Fatal,55,M,Upper,Motorcyclist,Passenger,Traffic Violation
AID0523,09-02-2023,S,GJ,Severe,Snow,Loc14,1559,Twilight,Bus,Model4,1885,F,50,8,Serious,61,M,Middle,Cyclist,Pedestrian,Traffic Violation
AID0524,28-09-2022,T,GJ,Moderate,Fog,Loc172,1046,Night,Car,Model18,2717,M,21,2,Serious,78,F,Upper,Car Passenger,Pedestrian,Traffic Violation
AID0525,16-12-2023,S,UP,Minor,Clear,Loc49,151,Daylight,Car,Model41,823,F,30,17,Slight,21,F,Working,Motorcyclist,Pedestrian,Traffic Violation
AID0526,21-01-2023,W,OD,Severe,Storm,Loc93,436,Night,Bus,Model18,2991,M,65,13,Serious,1,F,Working,Car Passenger,Passenger,Traffic Violation
AID0527,07-03-2023,T,DL,Severe,Fog,Loc16,230,Night,Car,Model39,2581,F,48,7,Fatal,33,M,Upper,Pedestrian,Passenger,Traffic Violation
AID0528,23-03-2023,T,MH,Moderate,Rain,Loc170,54,Daylight,Bus,Model1,2097,F,37,6,Fatal,4,F,Upper,Car Passenger,Passenger,Traffic Violation
AID0529,02-04-2022,T,MN,Minor,Clear,Loc178,1738,Daylight,Car,Model21,2207,F,48,13,Fatal,58,M,Upper,Pedestrian,Pedestrian,Traffic Violation
AID0530,29-12-2023,M,UK,Minor,Rain,Loc198,405,Twilight,Bus,Model14,813,F,51,5,Slight,61,F,Upper,Car Passenger,Passenger,Traffic Violation
AID0531,28-07-2023,F,BR,Severe,Rain,Loc10,227,Twilight,Bus,Model24,932,F,60,16,Fatal,27,M,Upper,Cyclist,Passenger,Traffic Violation
AID0532,01-09-2023,T,UP,Severe,Fog,Loc106,749,Night,Truck,Model22,2304,M,34,5,Fatal,42,M,Working,Motorcyclist,Passenger,Traffic Violation
AID0533,02-05-2022,S,WB,Minor,Storm,Loc193,1400,Twilight,Motorcycle,Model12,2327,M,67,9,Fatal,14,F,Upper,Car Passenger,Pedestrian,Traffic Violation
AID0534,21-07-2022,S,CG,Minor,Snow,Loc41,2001,Daylight,Bus,Model3,1389,M,52,7,Slight,38,M,Upper,Car Passenger,Pedestrian,Traffic Violation
AID0535,09-07-2022,W,SK,Moderate,Snow,Loc130,936,Night,Truck,Model13,2431,M,49,6,Slight,74,F,Middle,Motorcyclist,Pedestrian,Traffic Violation
AID0536,28-02-2023,T,UP,Severe,Fog,Loc103,1012,Night,Motorcycle,Model12,1445,F,42,5,Slight,80,M,Upper,Pedestrian,Pedestrian,Traffic Violation
AID0537,28-04-2023,T,MZ,Minor,Snow,Loc164,426,Daylight,Truck,Model46,1396,F,45,11,Fatal,24,M,Middle,Motorcyclist,Passenger,Traffic Violation
AID0538,13-11-2023,S,DL,Moderate,Fog,Loc94,2237,Night,Motorcycle,Model31,2348,F,34,13,Fatal,75,M,Middle,Cyclist,Passenger,Traffic Violation
AID0539,01-02-2023,M,OD,Moderate,Clear,Loc63,1243,Night,Bus,Model15,1323,F,49,20,Serious,19,M,Middle,Motorcyclist,Passenger,Traffic Violation
AID0540,24-11-2023,S,NL,Severe,Storm,Loc17,709,Twilight,Motorcycle,Model1,2112,F,47,9,Serious,21,F,Working,Pedestrian,Pedestrian,Traffic Violation
AID0541,20-08-2023,T,KL,Minor,Snow,Loc27,1802,Daylight,Motorcycle,Model28,2258,F,24,2,Slight,29,M,Middle,Motorcyclist,Passenger,Traffic Violation
AID0542,11-05-2022,M,TR,Severe,Storm,Loc161,1752,Night,Motorcycle,Model28,2533,M,18,12,Fatal,4,M,Working,Cyclist,Passenger,Traffic Violation
AID0543,14-01-2022,S,TN,Severe,Snow,Loc103,1224,Night,Truck,Model10,1521,M,31,14,Fatal,33,M,Working,Pedestrian,Pedestrian,Traffic Violation
AID0544,27-07-2022,S,CG,Minor,Clear,Loc157,1836,Daylight,Truck,Model47,1758,F,43,0,Fatal,27,M,Upper,Car Passenger,Passenger,Traffic Violation
AID0545,28-11-2022,M,AP,Severe,Fog,Loc84,558,Daylight,Motorcycle,Model37,2501,M,70,16,Fatal,21,F,Working,Motorcyclist,Passenger,Traffic Violation
AID0546,15-10-2022,S,MZ,Moderate,Storm,Loc166,456,Night,Truck,Model42,2703,F,50,0,Serious,74,M,Working,Car Passenger,Pedestrian,Traffic Violation
AID0547,21-12-2022,F,KA,Minor,Clear,Loc167,411,Night,Truck,Model30,1991,F,18,1,Fatal,1,F,Working,Car Passenger,Passenger,Traffic Violation
AID0548,21-01-2022,T,UP,Minor,Storm,Loc50,2311,Twilight,Car,Model14,2056,F,67,5,Slight,79,F,Upper,Car Passenger,Passenger,Traffic Violation
AID0549,14-12-2022,T,BR,Severe,Clear,Loc101,1432,Twilight,Truck,Model47,2924,F,23,18,Serious,18,M,Upper,Cyclist,Pedestrian,Traffic Violation
AID0550,08-09-2023,S,GA,Severe,Storm,Loc123,1002,Night,Bus,Model4,1552,M,64,9,Fatal,28,F,Upper,Pedestrian,Passenger,Traffic Violation
AID0551,14-12-2022,W,TN,Severe,Rain,Loc20,628,Daylight,Truck,Model48,2789,F,37,18,Serious,25,M,Upper,Car Passenger,Passenger,Traffic Violation
AID0552,16-10-2022,W,KA,Severe,Clear,Loc74,1820,Night,Motorcycle,Model3,1325,F,48,7,Serious,35,M,Upper,Pedestrian,Passenger,Traffic Violation
AID0553,16-02-2023,S,SK,Minor,Snow,Loc5,949,Daylight,Bus,Model32,1113,F,31,18,Serious,31,F,Middle,Cyclist,Pedestrian,Traffic Violation
AID0554,23-05-2022,S,AP,Severe,Rain,Loc14,333,Daylight,Bus,Model5,1429,F,37,5,Fatal,47,M,Upper,Pedestrian,Pedestrian,Traffic Violation
AID0555,19-05-2022,W,UP,Minor,Clear,Loc111,1143,Night,Car,Model1,928,F,22,6,Slight,47,M,Upper,Car Passenger,Pedestrian,Traffic Violation
AID0556,28-11-2022,S,MN,Moderate,Rain,Loc191,134,Twilight,Motorcycle,Model46,2499,F,67,13,Serious,38,M,Upper,Motorcyclist,Passenger,Traffic Violation
AID0557,28-11-2023,T,NL,Severe,Rain,Loc93,1014,Night,Truck,Model1,1797,F,25,0,Fatal,52,F,Working,Motorcyclist,Passenger,Traffic Violation
AID0558,27-04-2022,M,NL,Severe,Snow,Loc133,550,Night,Bus,Model20,2833,F,69,9,Fatal,11,F,Working,Cyclist,Passenger,Traffic Violation
AID0559,08-04-2022,M,AS,Moderate,Storm,Loc60,728,Twilight,Motorcycle,Model8,1337,F,42,9,Fatal,64,F,Working,Motorcyclist,Passenger,Traffic Violation
AID0560,16-01-2023,S,TN,Moderate,Snow,Loc3,545,Daylight,Car,Model50,1120,F,60,7,Fatal,38,M,Middle,Cyclist,Passenger,Traffic Violation
AID0561,09-06-2022,S,AR,Moderate,Rain,Loc78,1134,Night,Bus,Model36,1817,F,51,11,Slight,68,M,Working,Car Passenger,Passenger,Traffic Violation
AID0562,14-11-2023,F,MZ,Moderate,Storm,Loc138,946,Daylight,Car,Model8,2670,F,35,6,Serious,14,M,Working,Pedestrian,Pedestrian,Traffic Violation
AID0563,08-01-2023,F,GJ,Moderate,Fog,Loc101,1541,Twilight,Bus,Model1,1793,M,27,5,Fatal,70,M,Working,Car Passenger,Passenger,Traffic Violation
AID0564,18-06-2023,T,PB,Severe,Fog,Loc101,1659,Daylight,Motorcycle,Model30,1102,M,35,7,Slight,22,F,Middle,Car Passenger,Passenger,Traffic Violation
AID0565,08-05-2023,T,NL,Minor,Snow,Loc124,1627,Daylight,Truck,Model42,2857,F,40,10,Fatal,46,M,Upper,Pedestrian,Pedestrian,Traffic Violation
AID0566,11-10-2023,M,HP,Minor,Storm,Loc142,1459,Daylight,Motorcycle,Model9,1414,M,32,17,Fatal,32,F,Middle,Cyclist,Passenger,Traffic Violation
AID0567,29-05-2022,S,NL,Minor,Snow,Loc46,248,Daylight,Truck,Model18,2118,M,37,14,Serious,48,M,Middle,Cyclist,Passenger,Traffic Violation
AID0568,22-06-2022,W,GA,Minor,Storm,Loc173,512,Daylight,Motorcycle,Model24,2817,F,44,6,Slight,21,F,Working,Motorcyclist,Pedestrian,Traffic Violation
AID0569,03-09-2023,S,MZ,Severe,Clear,Loc3,1219,Twilight,Truck,Model22,932,M,32,13,Fatal,53,F,Middle,Motorcyclist,Passenger,Traffic Violation
AID0570,08-02-2022,M,DL,Severe,Fog,Loc72,1241,Twilight,Motorcycle,Model35,1451,M,68,17,Fatal,17,M,Upper,Motorcyclist,Pedestrian,Traffic Violation
AID0571,16-02-2023,F,MH,Minor,Fog,Loc104,620,Night,Car,Model50,2814,F,59,6,Serious,77,M,Upper,Motorcyclist,Pedestrian,Traffic Violation
AID0572,02-07-2022,T,HP,Minor,Rain,Loc116,1253,Daylight,Truck,Model23,1181,F,35,11,Serious,5,M,Working,Cyclist,Passenger,Weather
AID0573,17-03-2023,F,MZ,Minor,Fog,Loc175,509,Daylight,Bus,Model10,2027,M,18,11,Slight,46,F,Middle,Pedestrian,Passenger,Weather
AID0574,31-05-2023,T,NL,Minor,Storm,Loc72,1028,Daylight,Bus,Model5,2086,F,66,20,Fatal,45,M,Working,Cyclist,Passenger,Weather
AID0575,25-04-2022,W,MZ,Severe,Clear,Loc150,1345,Twilight,Motorcycle,Model4,1179,M,25,11,Slight,3,F,Upper,Pedestrian,Pedestrian,Weather
AID0576,09-03-2022,T,MN,Severe,Rain,Loc11,309,Daylight,Motorcycle,Model34,2902,M,43,1,Fatal,53,F,Upper,Motorcyclist,Passenger,Weather