Num_Acc,inverse_data,week_day,state,severity,weather,location,hrmn,lum,vehicle_type,vehicle_model,engine_size,driver_sex,driver_age,car_age,casualty_severity,casualty_age,casualty_sex,social_class,casualty_type,pedestrian_or_passenger,cause
AID0719,29-01-2022,T,KL,Minor,Rain,Loc200,158,Twilight,Car,Model3,2126,F,56,17,Slight,68,M,Upper,Motorcyclist,Passenger,Impacting Vehicle/Object
AID0720,31-05-2022,S,MN,Minor,Fog,Loc123,1918,Daylight,Truck,Model25,1070,F,61,9,Serious,69,F,Middle,Car Passenger,Passenger,Impacting Vehicle/Object
AID0721,28-03-2023,T,SK,Minor,Snow,Loc193,21,Night,Car,Model15,2259,F,62,7,Slight,78,M,Working,Pedestrian,Passenger,Impacting Vehicle/Object
AID0722,02-03-2023,M,MZ,Moderate,Clear,Loc192,455,Twilight,Motorcycle,Model32,1935,F,42,18,Slight,29,M,Working,Cyclist,Passenger,Impacting Vehicle/Object
AID0723,11-08-2022,S,ML,Moderate,Clear,Loc94,442,Night,Bus,Model1,1581,F,26,9,Slight,41,M,Middle,Cyclist,Passenger,Impacting Vehicle/Object
AID0724,16-02-2023,F,TN,Severe,Storm,Loc136,414,Twilight,Car,Model41,1025,F,49,4,Serious,48,F,Upper,Cyclist,Passenger,Impacting Vehicle/Object
AID0725,04-09-2022,T,UP,Moderate,Rain,Loc110,28,Daylight,Truck,Model40,1766,M,56,16,Slight,80,F,Middle,Cyclist,Passenger,Impacting Vehicle/Object
AID0726,14-09-2023,W,HR,Moderate,Snow,Loc53,2307,Night,Motorcycle,Model12,1690,M,28,15,Slight,42,M,Middle,Car Passenger,Passenger,Impacting Vehicle/Object
AID0727,28-09-2022,S,KA,Moderate,Storm,Loc22,415,Night,Motorcycle,Model31,2942,F,70,9,Fatal,26,F,Working,Cyclist,Pedestrian,Impacting Vehicle/Object
AID0728,21-12-2023,F,GA,Minor,Storm,Loc50,1333,Twilight,Motorcycle,Model2,837,M,23,4,Slight,32,M,Upper,Pedestrian,Passenger,Impacting Vehicle/Object
AID0729,18-02-2023,T,DL,Severe,Storm,Loc131,2039,Twilight,Bus,Model46,2523,F,34,12,Slight,63,M,Middle,Car Passenger,Pedestrian,Impacting Vehicle/Object
AID0730,14-06-2023,S,ML,Moderate,Rain,Loc89,1758,Twilight,Bus,Model31,2429,M,51,9,Fatal,47,M,Working,Motorcyclist,Passenger,Impacting Vehicle/Object
AID0731,27-09-2023,T,AS,Minor,Storm,Loc97,520,Night,Bus,Model19,2310,F,21,18,Fatal,42,M,Upper,Motorcyclist,Pedestrian,Impacting Vehicle/Object
AID0732,28-07-2022,W,PB,Moderate,Storm,Loc157,216,Twilight,Motorcycle,Model16,867,M,52,16,Fatal,33,F,Middle,Cyclist,Pedestrian,Impacting Vehicle/Object
AID0733,05-10-2023,S,GJ,Minor,Fog,Loc193,214,Night,Truck,Model46,1079,M,60,4,Slight,29,F,Working,Motorcyclist,Passenger,Impacting Vehicle/Object
AID0734,22-05-2023,S,WB,Moderate,Clear,Loc39,553,Daylight,Bus,Model50,2027,M,67,14,Slight,36,F,Working,Cyclist,Passenger,Impacting Vehicle/Object
AID0735,18-06-2022,W,JH,Minor,Clear,Loc184,1928,Night,Car,Model48,2560,M,52,16,Serious,33,F,Upper,Car Passenger,Pedestrian,Impacting Vehicle/Object
AID0736,26-12-2022,F,OD,Moderate,Rain,Loc39,1649,Night,Car,Model37,1868,F,50,18,Fatal,8,F,Middle,Cyclist,Passenger,Impacting Vehicle/Object
AID0737,30-03-2022,S,DL,Moderate,Clear,Loc16,311,Daylight,Car,Model22,2215,M,21,11,Fatal,55,M,Middle,Motorcyclist,Pedestrian,Impacting Vehicle/Object
AID0738,28-11-2023,W,GA,Severe,Clear,Loc153,1916,Daylight,Motorcycle,Model49,1014,F,30,12,Serious,40,F,Working,Motorcyclist,Passenger,Impacting Vehicle/Object
AID0739,19-07-2023,T,WB,Moderate,Snow,Loc168,544,Twilight,Car,Model21,1873,M,66,13,Serious,69,F,Middle,Motorcyclist,Passenger,Impacting Vehicle/Object
AID0740,10-07-2023,T,KL,Minor,Fog,Loc158,1943,Night,Bus,Model25,2972,F,64,3,Slight,75,M,Middle,Cyclist,Pedestrian,Impacting Vehicle/Object
AID0741,06-06-2022,T,AS,Severe,Fog,Loc87,2105,Daylight,Motorcycle,Model18,1725,M,32,4,Slight,24,F,Middle,Pedestrian,Passenger,Impacting Vehicle/Object
AID0742,30-05-2023,W,KL,Minor,Storm,Loc172,2042,Night,Motorcycle,Model46,2730,F,41,16,Fatal,1,F,Upper,Pedestrian,Passenger,Impacting Vehicle/Object
AID0743,11-10-2023,T,MH,Minor,Snow,Loc76,139,Daylight,Car,Model23,2590,M,53,16,Serious,59,F,Middle,Motorcyclist,Passenger,Impacting Vehicle/Object
AID0744,17-12-2022,T,PB,Minor,Fog,Loc88,351,Twilight,Truck,Model47,2762,F,67,1,Serious,38,F,Working,Motorcyclist,Pedestrian,Impacting Vehicle/Object
AID0745,03-09-2022,F,KA,Minor,Storm,Loc166,1700,Daylight,Motorcycle,Model23,1424,F,34,13,Serious,71,F,Upper,Motorcyclist,Pedestrian,Impacting Vehicle/Object
AID0746,14-02-2022,M,CG,Minor,Snow,Loc39,1146,Night,Motorcycle,Model22,2167,M,52,0,Slight,14,F,Working,Car Passenger,Pedestrian,Impacting Vehicle/Object
AID0747,22-09-2022,S,WB,Minor,Snow,Loc22,319,Twilight,Motorcycle,Model37,2480,F,69,9,Slight,44,F,Upper,Cyclist,Passenger,Impacting Vehicle/Object
AID0748,25-02-2023,S,KA,Severe,Fog,Loc17,1818,Night,Motorcycle,Model34,1274,F,39,13,Fatal,12,M,Upper,Cyclist,Passenger,Impacting Vehicle/Object
AID0749,04-10-2022,W,MH,Minor,Clear,Loc188,1446,Daylight,Motorcycle,Model46,2198,M,20,4,Serious,11,M,Upper,Cyclist,Passenger,Impacting Vehicle/Object
AID0750,07-08-2022,T,KA,Moderate,Clear,Loc65,1258,Twilight,Truck,Model2,995,M,37,1,Slight,77,F,Upper,Cyclist,Pedestrian,Impacting Vehicle/Object
AID0751,09-12-2022,T,AP,Minor,Rain,Loc25,1824,Night,Motorcycle,Model40,1968,F,37,17,Serious,66,M,Working,Car Passenger,Pedestrian,Impacting Vehicle/Object
AID0752,03-10-2023,S,RJ,Minor,Storm,Loc54,628,Twilight,Motorcycle,Model32,910,M,70,4,Serious,7,F,Upper,Car Passenger,Pedestrian,Impacting Vehicle/Object
AID0753,18-04-2023,S,DL,Severe,Snow,Loc27,2117,Twilight,Motorcycle,Model11,2655,F,18,8,Fatal,72,M,Middle,Motorcyclist,Pedestrian,Impacting Vehicle/Object
AID0754,27-02-2022,S,GJ,Severe,Fog,Loc77,1732,Twilight,Bus,Model50,1723,M,29,14,Serious,48,M,Working,Motorcyclist,Pedestrian,Impacting Vehicle/Object
AID0755,03-04-2023,M,OD,Moderate,Rain,Loc24,445,Twilight,Motorcycle,Model13,1709,F,29,8,Fatal,74,F,Working,Pedestrian,Passenger,Impacting Vehicle/Object
AID0756,14-10-2022,T,KA,Severe,Clear,Loc192,2133,Daylight,Truck,Model49,837,F,48,17,Slight,74,F,Working,Car Passenger,Passenger,Impacting Vehicle/Object
AID0757,01-05-2022,W,NL,Severe,Fog,Loc104,632,Daylight,Car,Model19,868,M,51,8,Fatal,29,M,Working,Motorcyclist,Passenger,Impacting Vehicle/Object
AID0758,08-04-2023,F,MH,Minor,Fog,Loc143,1301,Twilight,Truck,Model47,2946,M,38,1,Fatal,77,F,Upper,Cyclist,Pedestrian,Impacting Vehicle/Object
AID0759,23-09-2022,W,AR,Minor,Rain,Loc32,259,Twilight,Bus,Model30,2026,F,68,15,Serious,46,M,Working,Car Passenger,Pedestrian,Impacting Vehicle/Object
AID0760,15-08-2022,T,ML,Minor,Clear,Loc137,1802,Night,Car,Model8,1956,M,58,17,Slight,58,M,Working,Pedestrian,Passenger,Impacting Vehicle/Object
AID0761,01-09-2023,T,AP,Minor,Rain,Loc153,223,Daylight,Car,Model20,2346,M,60,10,Serious,41,F,Middle,Cyclist,Passenger,Impacting Vehicle/Object
AID0762,18-05-2022,F,KA,Moderate,Storm,Loc154,906,Night,Car,Model18,2566,F,58,5,Fatal,71,F,Working,Car Passenger,Pedestrian,Impacting Vehicle/Object
AID0763,18-03-2023,S,DL,Severe,Storm,Loc63,1606,Twilight,Truck,Model36,928,M,62,14,Serious,72,F,Upper,Car Passenger,Passenger,Impacting Vehicle/Object
AID0764,20-07-2022,T,JH,Minor,Rain,Loc93,620,Night,Truck,Model47,1110,F,23,2,Slight,42,F,Middle,Pedestrian,Pedestrian,Impacting Vehicle/Object
AID0765,24-12-2023,T,DL,Moderate,Storm,Loc182,1443,Daylight,Truck,Model27,2577,F,48,11,Fatal,6,F,Upper,Car Passenger,Passenger,Impacting Vehicle/Object
AID0766,31-12-2023,S,GJ,Severe,Storm,Loc19,942,Daylight,Motorcycle,Model3,1714,F,26,17,Slight,47,F,Middle,Pedestrian,Passenger,Impacting Vehicle/Object
AID0767,03-01-2023,S,ML,Severe,Rain,Loc71,918,Night,Motorcycle,Model25,1273,M,33,4,Fatal,74,M,Middle,Pedestrian,Passenger,Impacting Vehicle/Object
AID0768,09-01-2022,S,TN,Severe,Storm,Loc16,1159,Night,Motorcycle,Model24,1970,F,37,3,Serious,80,F,Middle,Car Passenger,Passenger,Impacting Vehicle/Object
AID0769,11-03-2022,T,GJ,Minor,Rain,Loc114,2351,Twilight,Bus,Model34,1905,F,42,6,Serious,17,M,Working,Motorcyclist,Passenger,Impacting Vehicle/Object
AID0770,03-09-2022,S,WB,Severe,Snow,Loc18,1317,Night,Bus,Model36,1350,M,51,20,Fatal,76,F,Upper,Cyclist,Pedestrian,Impacting Vehicle/Object
AID0771,14-02-2022,S,DL,Severe,Fog,Loc30,118,Twilight,Car,Model48,2332,M,20,17,Serious,64,F,Working,Pedestrian,Passenger,Impacting Vehicle/Object
AID0772,22-04-2023,S,OD,Moderate,Fog,Loc182,237,Twilight,Bus,Model30,2242,F,45,10,Fatal,71,F,Upper,Motorcyclist,Passenger,Impacting Vehicle/Object
AID0773,01-10-2023,T,RJ,Moderate,Storm,Loc35,1957,Daylight,Motorcycle,Model20,2338,F,57,11,Serious,7,M,Working,Car Passenger,Pedestrian,Impacting Vehicle/Object
AID0774,15-12-2023,T,BR,Severe,Fog,Loc139,132,Daylight,Car,Model33,2776,M,25,19,Slight,48,M,Upper,Cyclist,Pedestrian,Impacting Vehicle/Object
AID0775,19-12-2022,T,MP,Severe,Rain,Loc144,2217,Daylight,Car,Model24,2624,F,33,9,Slight,20,F,Working,Pedestrian,Pedestrian,Impacting Vehicle/Object
AID0776,12-10-2023,S,GA,Severe,Rain,Loc4,1148,Twilight,Bus,Model7,1688,M,33,8,Fatal,74,F,Working,Motorcyclist,Pedestrian,Impacting Vehicle/Object
AID0777,20-02-2022,F,NL,Minor,Snow,Loc48,1440,Daylight,Truck,Model7,1861,M,29,1,Serious,49,M,Upper,Motorcyclist,Pedestrian,Impacting Vehicle/Object
AID0778,19-05-2023,S,UK,Minor,Clear,Loc146,1541,Night,Motorcycle,Model25,990,F,45,14,Fatal,60,F,Working,Car Passenger,Passenger,Impacting Vehicle/Object
AID0779,06-04-2023,M,UK,Minor,Rain,Loc53,1151,Daylight,Motorcycle,Model43,2141,M,61,6,Slight,35,M,Working,Motorcyclist,Pedestrian,Impacting Vehicle/Object
AID0780,22-06-2023,S,GJ,Minor,Rain,Loc200,1721,Night,Motorcycle,Model9,891,M,23,5,Serious,29,F,Middle,Pedestrian,Pedestrian,Impacting Vehicle/Object
AID0781,29-11-2022,M,MN,Minor,Fog,Loc148,2042,Twilight,Truck,Model3,2839,F,63,18,Serious,57,M,Upper,Cyclist,Passenger,Impacting Vehicle/Object
AID0782,24-07-2023,M,NL,Severe,Clear,Loc43,228,Twilight,Car,Model10,2140,M,57,16,Serious,28,F,Working,Pedestrian,Pedestrian,Impacting Vehicle/Object
AID0783,13-11-2023,S,DL,Minor,Clear,Loc140,620,Night,Bus,Model18,1823,M,41,14,Slight,59,M,Middle,Car Passenger,Pedestrian,Impacting Vehicle/Object
AID0784,01-12-2022,S,TR,Minor,Snow,Loc199,1619,Night,Truck,Model43,1520,M,44,2,Slight,46,F,Upper,Pedestrian,Passenger,Impacting Vehicle/Object
AID0785,05-03-2022,M,NL,Minor,Clear,Loc46,1025,Night,Truck,Model26,1016,F,47,15,Serious,31,M,Middle,Cyclist,Pedestrian,Impacting Vehicle/Object
AID0786,16-07-2023,T,AR,Severe,Rain,Loc96,2125,Daylight,Bus,Model38,1944,F,69,6,Fatal,62,F,Middle,Cyclist,Pedestrian,Impacting Vehicle/Object
AID0787,03-07-2023,T,ML,Minor,Fog,Loc63,929,Daylight,Car,Model33,1138,F,35,2,Fatal,50,M,Upper,Motorcyclist,Pedestrian,Impacting Vehicle/Object
AID0788,02-03-2023,S,MZ,Moderate,Storm,Loc192,2342,Twilight,Bus,Model26,1287,M,52,15,Slight,46,F,Working,Cyclist,Pedestrian,Impacting Vehicle/Object
AID0789,10-08-2023,S,AP,Severe,Rain,Loc3,500,Daylight,Car,Model27,962,M,50,18,Fatal,1,M,Upper,Pedestrian,Passenger,Impacting Vehicle/Object
AID0790,04-09-2023,S,TN,Minor,Rain,Loc146,1106,Daylight,Motorcycle,Model14,1311,M,50,20,Fatal,50,F,Middle,Pedestrian,Passenger,Impacting Vehicle/Object
AID0791,20-07-2022,M,GA,Minor,Clear,Loc184,2008,Night,Motorcycle,Model8,1816,F,66,2,Slight,2,M,Middle,Pedestrian,Pedestrian,Impacting Vehicle/Object
AID0792,08-05-2023,S,OD,Severe,Snow,Loc70,654,Night,Car,Model21,1791,M,27,19,Fatal,56,M,Middle,Motorcyclist,Passenger,Impacting Vehicle/Object
AID0793,21-01-2022,F,AS,Severe,Snow,Loc189,1835,Night,Car,Model19,2689,M,58,8,Serious,10,M,Working,Car Passenger,Pedestrian,Impacting Vehicle/Object
AID0794,28-11-2023,S,NL,Minor,Storm,Loc70,1954,Night,Bus,Model15,2126,M,58,0,Serious,8,F,Working,Cyclist,Pedestrian,Impacting Vehicle/Object
AID0795,18-08-2022,T,SK,Moderate,Rain,Loc35,455,Twilight,Motorcycle,Model1,876,F,65,16,Slight,8,M,Middle,Cyclist,Pedestrian,Impacting Vehicle/Object
AID0796,24-11-2023,T,SK,Minor,Fog,Loc7,836,Twilight,Car,Model38,2832,M,34,7,Fatal,12,F,Upper,Motorcyclist,Passenger,Impacting Vehicle/Object
AID0797,26-03-2023,M,UP,Moderate,Storm,Loc52,2052,Night,Car,Model14,2812,F,61,3,Serious,20,F,Upper,Motorcyclist,Pedestrian,Impacting Vehicle/Object
AID0798,09-12-2023,F,DL,Moderate,Clear,Loc69,1753,Daylight,Truck,Model23,1795,F,58,7,Slight,64,F,Upper,Car Passenger,Pedestrian,Impacting Vehicle/Object
AID0799,16-07-2022,W,UK,Severe,Snow,Loc18,324,Daylight,Truck,Model16,2724,F,25,13,Fatal,62,F,Upper,Motorcyclist,Passenger,Impacting Vehicle/Object
AID0800,08-09-2022,F,CG,Moderate,Snow,Loc117,2121,Daylight,Truck,Model27,2249,F,68,19,Slight,51,F,Working,Motorcyclist,Pedestrian,Impacting Vehicle/Object
AID0801,30-09-2023,M,TR,Severe,Fog,Loc95,2042,Daylight,Truck,Model26,1947,M,27,8,Serious,75,F,Upper,Car Passenger,Pedestrian,Impacting Vehicle/Object
AID0802,09-08-2022,S,WB,Moderate,Storm,Loc154,1020,Twilight,Bus,Model48,2371,F,56,18,Serious,50,M,Upper,Pedestrian,Pedestrian,Impacting Vehicle/Object
AID0803,15-10-2023,S,RJ,Minor,Clear,Loc134,1825,Twilight,Truck,Model50,1958,F,25,7,Serious,52,M,Middle,Cyclist,Pedestrian,Impacting Vehicle/Object
AID0804,17-03-2022,F,MP,Moderate,Rain,Loc175,1744,Daylight,Motorcycle,Model47,2902,F,66,19,Slight,17,M,Middle,Cyclist,Passenger,Impacting Vehicle/Object
AID0805,17-11-2023,T,MH,Moderate,Fog,Loc56,608,Night,Bus,Model21,2339,F,64,7,Serious,15,F,Working,Motorcyclist,Pedestrian,Impacting Vehicle/Object
AID0806,19-04-2023,S,GJ,Moderate,Storm,Loc81,918,Twilight,Car,Model14,2438,F,53,6,Fatal,72,M,Middle,Pedestrian,Passenger,Impacting Vehicle/Object
AID0807,29-09-2023,T,MP,Moderate,Storm,Loc97,815,Night,Truck,Model27,2452,M,61,10,Fatal,60,M,Upper,Pedestrian,Passenger,Impacting Vehicle/Object
AID0808,23-01-2023,F,OD,Severe,Rain,Loc107,2245,Daylight,Bus,Model50,1150,F,40,7,Slight,41,M,Upper,Motorcyclist,Pedestrian,Impacting Vehicle/Object
AID0809,15-08-2023,F,JH,Severe,Fog,Loc192,2119,Daylight,Motorcycle,Model22,1466,F,53,5,Slight,58,F,Working,Pedestrian,Pedestrian,Impacting Vehicle/Object
AID0810,16-10-2022,T,PB,Severe,Rain,Loc107,7,Twilight,Motorcycle,Model29,2477,M,65,0,Fatal,19,F,Upper,Car Passenger,Pedestrian,Impacting Vehicle/Object
AID0811,31-03-2023,T,CG,Minor,Rain,Loc167,400,Daylight,Car,Model20,1321,F,58,4,Serious,3,F,Middle,Car Passenger,Passenger,Impacting Vehicle/Object
AID0812,24-12-2022,F,JH,Severe,Snow,Loc184,1726,Daylight,Truck,Model38,2532,F,27,13,Fatal,6,F,Working,Cyclist,Pedestrian,Impacting Vehicle/Object
AID0813,10-01-2022,T,GJ,Minor,Rain,Loc74,1924,Daylight,Car,Model43,2460,F,69,20,Serious,27,M,Upper,Cyclist,Pedestrian,Impacting Vehicle/Object
AID0814,25-02-2022,T,HP,Severe,Rain,Loc173,1946,Night,Bus,Model38,1145,F,36,20,Serious,14,F,Upper,Pedestrian,Pedestrian,Impacting Vehicle/Object
AID0815,25-06-2022,T,MP,Severe,Rain,Loc37,2102,Daylight,Motorcycle,Model32,1888,M,18,0,Fatal,66,F,Working,Pedestrian,Pedestrian,Overspeeding
AID0816,11-02-2022,F,HR,Severe,Fog,Loc82,1028,Twilight,Motorcycle,Model23,1638,M,55,19,Slight,66,M,Middle,Motorcyclist,Passenger,Overspeeding
AID0817,14-12-2023,S,HR,Severe,Rain,Loc85,1903,Night,Motorcycle,Model21,1731,F,30,2,Slight,75,M,Working,Motorcyclist,Pedestrian,Overspeeding
AID0818,06-03-2022,S,GJ,Moderate,Storm,Loc21,313,Twilight,Truck,Model2,1893,F,23,2,Fatal,67,M,Upper,Pedestrian,Pedestrian,Overspeeding
AID0819,17-02-2022,F,WB,Minor,Fog,Loc136,54,Twilight,Motorcycle,Model19,1695,F,28,11,Slight,18,M,Working,Motorcyclist,Pedestrian,Overspeeding
AID0820,07-11-2022,F,KA,Severe,Storm,Loc117,630,Night,Bus,Model18,1309,M,21,4,Fatal,56,M,Working,Cyclist,Pedestrian,Overspeeding
AID0821,11-08-2022,M,ML,Minor,Rain,Loc57,2156,Night,Bus,Model18,1726,M,44,9,Slight,29,F,Working,Car Passenger,Passenger,Overspeeding
AID0822,17-11-2022,T,MN,Moderate,Fog,Loc11,710,Twilight,Bus,Model18,1688,F,22,16,Fatal,10,M,Upper,Car Passenger,Passenger,Overspeeding
AID0823,20-05-2022,S,NL,Severe,Storm,Loc128,811,Twilight,Truck,Model37,1423,M,62,3,Fatal,28,F,Middle,Car Passenger,Pedestrian,Overspeeding
AID0824,08-03-2022,M,KA,Minor,Fog,Loc5,712,Daylight,Car,Model26,2174,M,41,4,Serious,41,M,Working,Motorcyclist,Pedestrian,Overspeeding
AID0825,09-04-2022,W,GJ,Minor,Rain,Loc94,651,Twilight,Motorcycle,Model17,2703,F,68,11,Serious,76,M,Working,Car Passenger,Passenger,Overspeeding
AID0826,18-03-2023,T,PB,Severe,Snow,Loc63,1842,Twilight,Bus,Model40,1070,F,64,11,Fatal,33,F,Upper,Motorcyclist,Passenger,Overspeeding
AID0827,04-03-2023,S,HP,Severe,Clear,Loc26,1055,Night,Car,Model8,1472,F,21,12,Serious,9,F,Upper,Motorcyclist,Passenger,Overspeeding
AID0828,26-02-2023,M,UK,Minor,Clear,Loc127,1231,Daylight,Motorcycle,Model10,2309,M,55,20,Slight,60,M,Upper,Cyclist,Passenger,Overspeeding
AID0829,11-09-2023,W,UK,Minor,Rain,Loc197,1159,Night,Motorcycle,Model32,2595,M,65,0,Serious,60,M,Working,Cyclist,Pedestrian,Overspeeding
AID0830,15-07-2022,W,BR,Moderate,Storm,Loc182,2105,Daylight,Truck,Model32,1775,M,54,11,Serious,1,F,Upper,Car Passenger,Passenger,Overspeeding
AID0831,18-12-2023,T,CG,Moderate,Rain,Loc27,1823,Night,Truck,Model39,2473,F,52,17,Serious,11,F,Middle,Cyclist,Pedestrian,Overspeeding
AID0832,01-05-2022,T,ML,Severe,Fog,Loc107,1024,Night,Car,Model36,1104,F,60,16,Serious,56,M,Upper,Motorcyclist,Passenger,Overspeeding
AID0833,06-04-2023,F,PB,Minor,Snow,Loc79,1345,Night,Car,Model2,2702,M,53,18,Fatal,76,F,Working,Pedestrian,Pedestrian,Overspeeding
AID0834,30-10-2023,F,UP,Severe,Snow,Loc130,502,Daylight,Bus,Model22,1110,F,26,4,Serious,2,F,Middle,Car Passenger,Passenger,Overspeeding
AID0835,08-05-2023,W,WB,Moderate,Storm,Loc22,1602,Night,Bus,Model21,2341,F,18,4,Serious,6,F,Upper,Pedestrian,Passenger,Overspeeding
AID0836,21-04-2023,S,TR,Severe,Clear,Loc104,1813,Twilight,Motorcycle,Model11,1871,F,47,8,Serious,52,F,Working,Car Passenger,Passenger,Overspeeding
AID0837,25-02-2023,W,GA,Severe,Snow,Loc129,1631,Twilight,Bus,Model46,981,M,43,15,Serious,22,F,Upper,Pedestrian,Passenger,Overspeeding
AID0838,20-04-2022,T,TR,Minor,Clear,Loc132,1115,Night,Motorcycle,Model3,2807,M,51,18,Serious,76,F,Upper,Pedestrian,Pedestrian,Overspeeding
AID0839,10-12-2022,S,GJ,Minor,Fog,Loc37,112,Twilight,Bus,Model25,1679,M,36,11,Fatal,36,F,Upper,Car Passenger,Passenger,Overspeeding
AID0840,04-07-2022,T,ML,Moderate,Rain,Loc102,1820,Twilight,Motorcycle,Model20,1608,M,53,20,Serious,11,F,Working,Car Passenger,Passenger,Overspeeding
AID0841,06-02-2023,S,KL,Moderate,Clear,Loc19,348,Twilight,Truck,Model12,1143,M,59,9,Slight,8,M,Middle,Car Passenger,Pedestrian,Overspeeding
AID0842,23-01-2022,T,MH,Minor,Fog,Loc3,2332,Twilight,Truck,Model50,2222,F,50,3,Serious,46,M,Upper,Cyclist,Pedestrian,Overspeeding
AID0843,30-03-2023,T,HR,Minor,Rain,Loc74,1229,Twilight,Car,Model39,2921,F,42,11,Fatal,27,M,Middle,Cyclist,Pedestrian,Overspeeding
AID0844,06-10-2023,S,WB,Moderate,Fog,Loc23,2349,Night,Bus,Model30,1869,M,42,17,Serious,37,F,Upper,Pedestrian,Pedestrian,Overspeeding
AID0845,16-12-2023,M,MN,Minor,Rain,Loc43,306,Daylight,Car,Model13,1379,M,44,0,Serious,27,F,Middle,Cyclist,Passenger,Overspeeding
AID0846,17-03-2023,T,CG,Moderate,Rain,Loc96,2026,Night,Truck,Model42,1437,F,32,14,Slight,31,F,Middle,Pedestrian,Pedestrian,Overspeeding
AID0847,07-09-2023,F,DL,Moderate,Rain,Loc1,2219,Twilight,Motorcycle,Model20,1850,M,49,10,Slight,57,F,Working,Pedestrian,Passenger,Overspeeding
AID0848,08-05-2023,F,CG,Moderate,Rain,Loc84,552,Daylight,Truck,Model37,1316,F,60,20,Slight,31,M,Upper,Cyclist,Passenger,Overspeeding
AID0849,27-03-2023,W,HP,Moderate,Storm,Loc13,1421,Daylight,Bus,Model5,1722,M,55,9,Fatal,65,F,Middle,Cyclist,Passenger,Overspeeding
AID0850,22-02-2023,W,GJ,Minor,Snow,Loc44,413,Night,Car,Model20,2417,M,29,13,Slight,10,M,Upper,Motorcyclist,Passenger,Overspeeding
AID0851,01-11-2022,T,PB,Severe,Storm,Loc191,1538,Daylight,Car,Model50,1354,F,54,17,Fatal,16,F,Working,Car Passenger,Passenger,Overspeeding
AID0852,03-06-2022,T,KA,Moderate,Rain,Loc147,625,Night,Motorcycle,Model5,1025,M,32,15,Serious,2,F,Middle,Pedestrian,Passenger,Overspeeding
AID0853,08-12-2023,S,OD,Severe,Clear,Loc141,423,Twilight,Motorcycle,Model27,1215,F,24,7,Fatal,64,F,Working,Motorcyclist,Passenger,Overspeeding
AID0854,08-05-2023,T,JH,Moderate,Clear,Loc145,414,Twilight,Truck,Model46,1345,F,65,12,Slight,12,F,Upper,Cyclist,Pedestrian,Overspeeding
AID0855,10-01-2023,M,DL,Minor,Fog,Loc59,1147,Night,Bus,Model41,2125,M,35,12,Serious,7,F,Working,Pedestrian,Pedestrian,Overspeeding
AID0856,01-09-2022,T,MP,Moderate,Clear,Loc93,1706,Twilight,Motorcycle,Model33,2399,F,64,16,Slight,66,F,Middle,Motorcyclist,Passenger,Overspeeding
AID0857,07-12-2022,S,KA,Minor,Fog,Loc126,1348,Daylight,Truck,Model27,2792,M,22,10,Fatal,29,F,Working,Car Passenger,Passenger,Overspeeding