Num_Acc,inverse_data,week_day,state,severity,weather,location,hrmn,lum,vehicle_type,vehicle_model,engine_size,driver_sex,driver_age,car_age,casualty_severity,casualty_age,casualty_sex,social_class,casualty_type,pedestrian_or_passenger,cause
AID0858,30-01-2023,F,ML,Minor,Storm,Loc57,1232,Twilight,Motorcycle,Model30,1947,M,65,6,Fatal,21,F,Upper,Car Passenger,Passenger,Overspeeding
AID0859,20-09-2023,W,HR,Severe,Clear,Loc51,1227,Twilight,Motorcycle,Model23,1702,M,39,13,Slight,39,F,Upper,Motorcyclist,Pedestrian,Overspeeding
AID0860,16-04-2023,F,AR,Moderate,Storm,Loc95,829,Night,Car,Model11,2111,F,42,17,Fatal,50,F,Working,Cyclist,Passenger,Overspeeding
AID0861,04-08-2022,F,TR,Moderate,Storm,Loc157,2355,Daylight,Motorcycle,Model10,1968,F,61,16,Slight,61,F,Working,Car Passenger,Passenger,Overspeeding
AID0862,07-01-2022,T,WB,Severe,Clear,Loc155,1537,Daylight,Bus,Model44,2764,F,21,3,Fatal,80,F,Upper,Car Passenger,Pedestrian,Overspeeding
AID0863,17-12-2023,T,NL,Moderate,Storm,Loc95,2325,Night,Motorcycle,Model16,1951,M,22,19,Serious,25,F,Working,Cyclist,Passenger,Overspeeding
AID0864,04-03-2023,T,GJ,Severe,Fog,Loc159,1812,Daylight,Motorcycle,Model35,2351,M,27,8,Fatal,75,M,Working,Pedestrian,Pedestrian,Overspeeding
AID0865,04-09-2022,T,MH,Minor,Rain,Loc151,1431,Twilight,Truck,Model3,2895,M,31,6,Fatal,14,M,Middle,Cyclist,Pedestrian,Driver Impairment
AID0866,05-06-2023,S,AS,Moderate,Rain,Loc108,1538,Daylight,Car,Model15,2366,M,61,12,Serious,53,M,Working,Motorcyclist,Passenger,Driver Impairment
AID0867,17-05-2022,M,DL,Moderate,Storm,Loc98,2056,Twilight,Truck,Model39,1288,F,29,10,Serious,78,F,Upper,Cyclist,Pedestrian,Driver Impairment
AID0868,30-08-2022,T,AP,Moderate,Storm,Loc76,1655,Daylight,Bus,Model23,1187,M,24,13,Slight,57,M,Upper,Cyclist,Passenger,Driver Impairment
AID0869,24-04-2023,T,MP,Moderate,Rain,Loc42,1504,Daylight,Bus,Model9,1297,M,27,18,Slight,17,M,Upper,Pedestrian,Passenger,Driver Impairment
AID0870,07-12-2022,W,GA,Moderate,Snow,Loc111,358,Night,Car,Model23,982,F,25,0,Serious,44,F,Middle,Cyclist,Pedestrian,Driver Impairment
AID0871,06-06-2022,S,TR,Severe,Snow,Loc176,1013,Daylight,Car,Model45,1952,M,24,5,Serious,21,M,Working,Car Passenger,Passenger,Driver Impairment
AID0872,23-06-2022,S,TR,Minor,Snow,Loc111,806,Twilight,Motorcycle,Model48,2857,F,70,4,Serious,16,F,Working,Pedestrian,Passenger,Driver Impairment
AID0873,31-05-2023,T,BR,Minor,Rain,Loc188,1541,Twilight,Car,Model2,2311,F,24,10,Fatal,25,M,Working,Motorcyclist,Passenger,Driver Impairment
AID0874,18-01-2023,F,UP,Moderate,Storm,Loc105,740,Daylight,Truck,Model31,1035,M,53,20,Fatal,75,F,Upper,Pedestrian,Pedestrian,Driver Impairment
AID0875,06-04-2022,S,UP,Minor,Clear,Loc161,2208,Twilight,Motorcycle,Model10,2996,M,20,3,Fatal,13,M,Working,Motorcyclist,Pedestrian,Driver Impairment
AID0876,23-09-2022,S,TR,Severe,Clear,Loc100,1433,Daylight,Car,Model26,890,M,41,0,Serious,76,M,Middle,Pedestrian,Pedestrian,Driver Impairment
AID0877,24-10-2022,S,CG,Severe,Storm,Loc42,133,Night,Motorcycle,Model35,2174,F,50,4,Slight,46,M,Middle,Pedestrian,Passenger,Driver Impairment
AID0878,13-09-2022,M,MP,Severe,Fog,Loc199,2134,Twilight,Truck,Model46,1114,M,64,9,Serious,36,M,Upper,Pedestrian,Passenger,Driver Impairment
AID0879,16-07-2022,S,GJ,Severe,Fog,Loc59,1910,Twilight,Truck,Model5,1174,M,52,18,Serious,65,M,Middle,Motorcyclist,Pedestrian,Driver Impairment
AID0880,20-08-2022,T,SK,Moderate,Storm,Loc128,2107,Daylight,Car,Model2,1619,F,51,5,Serious,52,M,Upper,Motorcyclist,Pedestrian,Driver Impairment
AID0881,06-04-2023,M,TN,Minor,Rain,Loc3,921,Night,Truck,Model18,1183,F,42,13,Slight,32,F,Middle,Motorcyclist,Pedestrian,Driver Impairment
AID0882,03-02-2023,W,BR,Moderate,Clear,Loc163,1628,Twilight,Motorcycle,Model22,2276,F,40,14,Slight,48,F,Upper,Motorcyclist,Pedestrian,Driver Impairment
AID0883,14-12-2023,T,UP,Severe,Fog,Loc40,616,Daylight,Car,Model21,1831,F,38,18,Serious,55,F,Middle,Car Passenger,Pedestrian,Driver Impairment
AID0884,27-05-2022,T,WB,Moderate,Snow,Loc41,650,Night,Bus,Model31,1331,F,42,0,Fatal,3,M,Working,Motorcyclist,Pedestrian,Driver Impairment
AID0885,03-07-2022,M,TR,Moderate,Storm,Loc60,537,Night,Bus,Model15,2127,F,50,20,Serious,3,F,Working,Car Passenger,Pedestrian,Driver Impairment
AID0886,19-12-2022,T,HR,Minor,Fog,Loc145,1210,Twilight,Bus,Model5,1342,M,37,16,Fatal,3,F,Middle,Motorcyclist,Passenger,Driver Impairment
AID0887,11-10-2022,S,DL,Moderate,Rain,Loc105,743,Twilight,Car,Model10,2668,M,29,9,Slight,37,M,Working,Motorcyclist,Pedestrian,Driver Impairment
AID0888,02-03-2023,S,GJ,Severe,Clear,Loc82,2140,Daylight,Motorcycle,Model12,2748,M,60,5,Slight,12,M,Working,Motorcyclist,Pedestrian,Driver Impairment
AID0889,10-05-2023,W,ML,Minor,Storm,Loc2,1820,Twilight,Truck,Model49,1893,M,54,9,Serious,7,M,Working,Pedestrian,Passenger,Driver Impairment
AID0890,25-02-2023,T,JH,Severe,Clear,Loc77,930,Twilight,Bus,Model24,2254,M,50,12,Fatal,53,M,Middle,Cyclist,Passenger,Driver Impairment
AID0891,07-08-2023,M,BR,Minor,Storm,Loc113,1831,Daylight,Truck,Model17,959,F,30,20,Serious,13,M,Working,Cyclist,Passenger,Driver Impairment
AID0892,30-05-2023,S,ML,Moderate,Rain,Loc153,1433,Twilight,Motorcycle,Model13,1929,M,34,5,Fatal,80,M,Working,Car Passenger,Passenger,Driver Impairment
AID0893,03-12-2022,S,WB,Moderate,Clear,Loc10,621,Night,Motorcycle,Model1,1130,F,44,17,Serious,17,F,Working,Cyclist,Pedestrian,Driver Impairment
AID0894,27-06-2022,F,PB,Minor,Fog,Loc112,1416,Daylight,Bus,Model41,2040,F,55,17,Fatal,25,F,Middle,Motorcyclist,Passenger,Driver Impairment
AID0895,28-07-2022,T,GA,Minor,Clear,Loc103,401,Night,Car,Model20,1264,F,25,15,Serious,45,M,Working,Cyclist,Passenger,Driver Impairment
AID0896,05-10-2022,W,MN,Minor,Storm,Loc124,1701,Night,Motorcycle,Model14,1239,M,27,6,Slight,2,F,Middle,Car Passenger,Passenger,Driver Impairment
AID0897,06-02-2022,F,TN,Minor,Storm,Loc7,2114,Twilight,Car,Model16,1602,F,56,19,Serious,15,F,Working,Car Passenger,Passenger,Driver Impairment
AID0898,23-10-2022,F,RJ,Minor,Storm,Loc64,2333,Night,Car,Model21,2550,M,24,8,Fatal,51,F,Upper,Pedestrian,Pedestrian,Driver Impairment
AID0899,07-12-2023,F,NL,Severe,Rain,Loc160,29,Night,Truck,Model35,1175,F,46,5,Fatal,51,M,Upper,Motorcyclist,Passenger,Driver Impairment
AID0900,23-05-2023,S,JH,Minor,Clear,Loc163,834,Daylight,Motorcycle,Model35,2941,F,57,10,Fatal,73,M,Working,Cyclist,Pedestrian,Driver Impairment
AID0901,13-08-2023,W,BR,Severe,Storm,Loc37,506,Twilight,Car,Model50,1870,F,32,2,Slight,59,M,Upper,Motorcyclist,Pedestrian,Driver Impairment
AID0902,08-02-2023,M,TR,Minor,Rain,Loc11,1104,Night,Car,Model15,1434,F,47,6,Slight,75,M,Middle,Motorcyclist,Pedestrian,Driver Impairment
AID0903,31-08-2022,T,MP,Moderate,Rain,Loc107,521,Night,Motorcycle,Model24,1859,F,36,8,Slight,37,M,Upper,Pedestrian,Passenger,Driver Impairment
AID0904,10-11-2023,T,HP,Severe,Fog,Loc175,557,Daylight,Motorcycle,Model22,2524,M,44,1,Slight,42,F,Upper,Motorcyclist,Passenger,Driver Impairment
AID0905,03-02-2022,S,SK,Moderate,Fog,Loc146,537,Daylight,Motorcycle,Model2,1724,F,54,12,Serious,21,F,Working,Car Passenger,Passenger,Driver Impairment
AID0906,04-04-2022,T,UK,Minor,Rain,Loc64,1925,Daylight,Truck,Model28,2964,F,42,16,Fatal,2,M,Upper,Pedestrian,Passenger,Driver Impairment
AID0907,12-08-2023,S,MH,Severe,Rain,Loc185,925,Twilight,Truck,Model6,1588,F,35,11,Slight,77,M,Working,Pedestrian,Passenger,Driver Impairment
AID0908,01-04-2022,T,UP,Severe,Fog,Loc128,633,Night,Bus,Model29,1224,M,19,4,Fatal,71,M,Middle,Motorcyclist,Pedestrian,Driver Impairment
AID0909,09-04-2022,T,HR,Minor,Snow,Loc144,2305,Daylight,Bus,Model35,1833,M,35,4,Fatal,39,F,Working,Cyclist,Pedestrian,Driver Impairment
AID0910,23-11-2022,T,HP,Severe,Storm,Loc159,1557,Daylight,Bus,Model3,1697,F,55,1,Serious,53,F,Upper,Pedestrian,Passenger,Driver Impairment
AID0911,08-11-2022,F,AS,Moderate,Snow,Loc200,1740,Daylight,Motorcycle,Model27,1555,F,29,8,Fatal,30,M,Middle,Car Passenger,Passenger,Driver Impairment
AID0912,02-02-2023,F,ML,Minor,Snow,Loc163,2114,Daylight,Motorcycle,Model21,1685,F,29,6,Slight,17,F,Upper,Pedestrian,Pedestrian,Driver Impairment
AID0913,16-01-2023,S,MN,Moderate,Snow,Loc122,128,Twilight,Bus,Model6,2977,F,56,5,Serious,60,M,Working,Car Passenger,Pedestrian,Driver Impairment
AID0914,30-03-2022,W,TN,Severe,Rain,Loc151,1909,Twilight,Motorcycle,Model9,2265,M,43,19,Fatal,63,F,Working,Pedestrian,Pedestrian,Driver Impairment
AID0915,19-09-2022,S,MN,Severe,Fog,Loc57,2134,Night,Car,Model27,1475,M,52,6,Slight,11,M,Middle,Pedestrian,Passenger,Driver Impairment
AID0916,04-11-2023,F,SK,Severe,Storm,Loc186,1533,Night,Bus,Model46,1209,F,69,10,Slight,72,M,Upper,Cyclist,Passenger,Driver Impairment
AID0917,20-08-2022,W,SK,Severe,Fog,Loc77,452,Night,Bus,Model9,2206,M,53,18,Fatal,56,M,Middle,Car Passenger,Pedestrian,Driver Impairment
AID0918,01-10-2023,M,ML,Moderate,Storm,Loc105,1457,Night,Car,Model16,2293,M,53,7,Fatal,79,M,Working,Car Passenger,Pedestrian,Driver Impairment
AID0919,20-12-2022,S,UK,Moderate,Fog,Loc169,1408,Daylight,Bus,Model47,1495,F,63,13,Fatal,7,F,Upper,Motorcyclist,Pedestrian,Driver Impairment
AID0920,21-09-2023,F,UK,Moderate,Fog,Loc108,1156,Twilight,Truck,Model31,940,F,37,12,Serious,14,M,Middle,Pedestrian,Pedestrian,Driver Impairment
AID0921,07-11-2023,S,ML,Severe,Storm,Loc1,148,Night,Bus,Model6,1261,F,48,10,Slight,48,F,Middle,Motorcyclist,Passenger,Driver Impairment
AID0922,08-07-2022,S,MZ,Moderate,Rain,Loc54,1832,Night,Bus,Model3,1771,F,63,19,Slight,41,F,Working,Cyclist,Pedestrian,Driver Impairment
AID0923,26-02-2022,S,TR,Severe,Fog,Loc38,1201,Night,Motorcycle,Model38,2819,M,46,17,Fatal,63,F,Upper,Cyclist,Pedestrian,Driver Impairment
AID0924,24-06-2022,W,UP,Moderate,Fog,Loc199,457,Daylight,Car,Model15,1405,F,60,11,Slight,33,M,Middle,Car Passenger,Pedestrian,Driver Impairment
AID0925,18-06-2023,T,SK,Severe,Rain,Loc60,1858,Twilight,Truck,Model36,2423,M,41,7,Slight,51,F,Middle,Motorcyclist,Pedestrian,Driver Impairment
AID0926,06-10-2023,S,UK,Severe,Storm,Loc143,1649,Daylight,Car,Model49,2662,M,27,9,Serious,33,F,Upper,Pedestrian,Passenger,Driver Impairment
AID0927,22-11-2022,M,OD,Moderate,Fog,Loc16,909,Twilight,Motorcycle,Model45,1335,M,30,15,Serious,79,M,Working,Car Passenger,Pedestrian,Driver Impairment
AID0928,17-05-2023,W,CG,Moderate,Storm,Loc87,411,Night,Motorcycle,Model5,1660,F,31,0,Serious,32,M,Upper,Motorcyclist,Passenger,Driver Impairment
AID0929,30-09-2023,F,MP,Severe,Storm,Loc183,53,Twilight,Bus,Model30,1757,M,59,20,Slight,78,M,Middle,Car Passenger,Passenger,Driver Impairment
AID0930,31-08-2022,S,GJ,Minor,Snow,Loc108,552,Night,Bus,Model30,1787,M,51,7,Fatal,17,F,Working,Pedestrian,Passenger,Driver Impairment
AID0931,20-09-2022,T,TR,Moderate,Rain,Loc116,1750,Daylight,Truck,Model37,1820,F,42,20,Fatal,30,F,Upper,Car Passenger,Passenger,Driver Impairment
AID0932,25-12-2023,M,MP,Severe,Clear,Loc59,727,Night,Car,Model32,2413,F,32,13,Fatal,61,M,Working,Motorcyclist,Passenger,Driver Impairment
AID0933,13-10-2023,M,MZ,Severe,Fog,Loc120,1938,Twilight,Motorcycle,Model21,1567,M,24,19,Slight,46,M,Working,Motorcyclist,Pedestrian,Driver Impairment
AID0934,28-09-2023,T,OD,Moderate,Snow,Loc87,1845,Night,Bus,Model40,1230,F,29,14,Serious,79,M,Upper,Car Passenger,Pedestrian,Driver Impairment
AID0935,03-09-2022,M,MP,Severe,Rain,Loc26,1010,Twilight,Car,Model8,2376,F,33,1,Serious,78,M,Middle,Cyclist,Passenger,Driver Impairment
AID0936,15-06-2022,S,JH,Severe,Fog,Loc171,1100,Daylight,Bus,Model27,806,M,64,4,Serious,80,F,Middle,Cyclist,Passenger,Driver Impairment
AID0937,05-07-2023,S,AR,Moderate,Rain,Loc54,2301,Daylight,Bus,Model46,2893,M,51,1,Slight,48,M,Upper,Car Passenger,Pedestrian,Driver Impairment
AID0938,17-08-2023,T,RJ,Moderate,Storm,Loc39,1321,Night,Truck,Model2,1579,F,19,17,Fatal,62,M,Working,Motorcyclist,Passenger,Driver Impairment
AID0939,02-10-2023,W,UP,Severe,Snow,Loc198,533,Night,Car,Model7,1033,M,54,9,Fatal,21,F,Upper,Car Passenger,Passenger,Driver Impairment
AID0940,01-11-2022,T,TR,Severe,Snow,Loc193,441,Daylight,Motorcycle,Model10,1560,F,65,5,Slight,7,M,Working,Pedestrian,Passenger,Driver Impairment
AID0941,06-03-2023,M,DL,Severe,Fog,Loc123,1502,Twilight,Bus,Model42,2813,F,33,15,Fatal,50,M,Working,Cyclist,Pedestrian,Driver Impairment
AID0942,19-05-2023,T,TN,Moderate,Fog,Loc123,421,Night,Motorcycle,Model19,2134,F,24,12,Serious,28,M,Upper,Cyclist,Passenger,Driver Impairment
AID0943,31-03-2022,M,CG,Minor,Snow,Loc105,1027,Night,Motorcycle,Model46,2073,F,34,11,Slight,64,F,Upper,Cyclist,Pedestrian,Driver Impairment
AID0944,22-04-2022,S,NL,Minor,Clear,Loc198,2227,Night,Car,Model24,2772,M,58,19,Serious,17,M,Upper,Car Passenger,Pedestrian,Driver Impairment
AID0945,18-08-2022,T,AR,Moderate,Storm,Loc80,812,Night,Bus,Model11,1017,F,65,0,Slight,18,F,Working,Car Passenger,Pedestrian,Driver Impairment
AID0946,15-03-2023,M,RJ,Moderate,Fog,Loc86,2043,Night,Bus,Model50,1833,M,65,14,Serious,79,M,Middle,Car Passenger,Passenger,Driver Impairment
AID0947,16-11-2023,S,KL,Moderate,Snow,Loc21,1056,Night,Motorcycle,Model17,1416,F,26,18,Serious,37,M,Working,Pedestrian,Passenger,Driver Impairment
AID0948,03-07-2022,T,WB,Minor,Rain,Loc116,323,Twilight,Motorcycle,Model29,1574,F,31,3,Fatal,77,M,Upper,Cyclist,Passenger,Driver Impairment
AID0949,15-08-2023,T,MZ,Severe,Snow,Loc29,1210,Night,Bus,Model23,2865,M,42,1,Slight,47,F,Middle,Pedestrian,Pedestrian,Driver Impairment
AID0950,18-05-2022,F,PB,Moderate,Rain,Loc162,1423,Daylight,Car,Model34,1838,F,52,14,Serious,60,M,Middle,Cyclist,Pedestrian,Driver Impairment
AID0951,10-01-2022,T,WB,Minor,Fog,Loc119,730,Daylight,Car,Model43,1995,M,67,3,Serious,2,F,Upper,Car Passenger,Passenger,Driver Impairment
AID0952,23-11-2022,F,SK,Severe,Clear,Loc138,947,Twilight,Motorcycle,Model17,2809,F,69,0,Slight,6,M,Middle,Cyclist,Passenger,Driver Impairment
AID0953,30-05-2022,S,MP,Severe,Fog,Loc10,1635,Daylight,Car,Model35,1929,M,62,19,Slight,20,M,Working,Car Passenger,Pedestrian,Driver Impairment
AID0954,09-07-2022,T,MZ,Severe,Fog,Loc12,2122,Night,Truck,Model34,2923,M,51,11,Fatal,66,M,Middle,Car Passenger,Pedestrian,Driver Impairment
AID0955,07-02-2022,T,KL,Severe,Storm,Loc127,1249,Twilight,Motorcycle,Model35,2459,M,42,16,Slight,26,F,Upper,Car Passenger,Pedestrian,Driver Impairment
AID0956,08-09-2023,T,MN,Minor,Rain,Loc187,1507,Night,Bus,Model25,1661,M,51,14,Serious,13,M,Middle,Cyclist,Passenger,Driver Impairment
AID0957,19-12-2022,F,AS,Severe,Clear,Loc142,1643,Twilight,Motorcycle,Model25,1431,F,33,15,Serious,62,M,Middle,Car Passenger,Passenger,Driver Impairment
AID0958,31-03-2022,M,WB,Moderate,Storm,Loc5,826,Night,Car,Model48,1733,M,35,7,Slight,80,M,Upper,Car Passenger,Pedestrian,Driver Impairment
AID0959,01-07-2022,M,AS,Severe,Snow,Loc192,1604,Night,Motorcycle,Model13,1037,F,40,10,Fatal,56,F,Middle,Cyclist,Pedestrian,Driver Impairment
AID0960,11-04-2022,T,HR,Minor,Rain,Loc81,1340,Twilight,Truck,Model43,2329,M,44,4,Serious,31,F,Upper,Motorcyclist,Pedestrian,Driver Impairment
AID0961,18-08-2023,T,ML,Severe,Clear,Loc13,1315,Daylight,Car,Model11,1467,M,55,8,Fatal,18,M,Working,Car Passenger,Passenger,Driver Impairment
AID0962,04-02-2022,M,AS,Moderate,Snow,Loc58,1112,Night,Motorcycle,Model32,2993,F,24,10,Fatal,10,M,Working,Pedestrian,Pedestrian,Driver Impairment
AID0963,15-04-2023,T,KA,Minor,Fog,Loc45,2100,Twilight,Car,Model44,1825,M,44,4,Serious,57,M,Upper,Motorcyclist,Pedestrian,Driver Impairment
AID0964,11-03-2022,S,UP,Severe,Clear,Loc8,1607,Night,Motorcycle,Model36,1137,F,54,10,Slight,25,F,Upper,Cyclist,Passenger,Driver Impairment
AID0965,03-03-2022,S,TN,Minor,Clear,Loc98,1037,Night,Motorcycle,Model13,1891,M,27,0,Slight,48,M,Upper,Cyclist,Pedestrian,Driver Impairment
AID0966,19-08-2022,M,ML,Moderate,Clear,Loc172,236,Daylight,Bus,Model31,2386,M,52,17,Serious,36,F,Upper,Cyclist,Pedestrian,Driver Impairment
AID0967,26-03-2022,S,MH,Severe,Fog,Loc171,1937,Night,Car,Model35,2131,F,62,7,Slight,55,F,Working,Pedestrian,Pedestrian,Driver Impairment
AID0968,17-03-2022,M,AP,Minor,Fog,Loc57,31,Night,Truck,Model7,2488,F,59,3,Slight,74,M,Middle,Motorcyclist,Passenger,Driver Impairment
AID0969,15-10-2023,S,HP,Severe,Clear,Loc141,2246,Night,Motorcycle,Model3,1117,M,53,16,Slight,54,F,Working,Car Passenger,Passenger,Overspeeding
AID0970,18-06-2023,S,KL,Moderate,Fog,Loc156,855,Twilight,Bus,Model38,948,F,64,2,Fatal,75,M,Middle,Pedestrian,Pedestrian,Overspeeding
AID0971,02-08-2022,T,UP,Moderate,Rain,Loc174,1029,Night,Car,Model23,1381,F,37,2,Serious,29,M,Middle,Car Passenger,Pedestrian,Overspeeding
AID0972,26-10-2022,M,GJ,Minor,Fog,Loc85,7,Night,Truck,Model34,1178,F,56,13,Slight,34,F,Working,Cyclist,Passenger,Overspeeding
AID0973,19-03-2023,W,AR,Minor,Rain,Loc72,709,Daylight,Motorcycle,Model40,1694,M,53,17,Serious,45,F,Middle,Motorcyclist,Passenger,Overspeeding
AID0974,13-08-2023,S,TN,Severe,Rain,Loc76,54,Night,Bus,Model13,2997,F,43,13,Serious,56,M,Working,Pedestrian,Pedestrian,Overspeeding
AID0975,08-05-2022,W,UK,Severe,Clear,Loc156,640,Twilight,Bus,Model37,1037,F,68,12,Serious,38,F,Upper,Cyclist,Passenger,Overspeeding
AID0976,05-08-2022,F,KA,Minor,Storm,Loc26,350,Night,Truck,Model32,1889,M,34,3,Fatal,30,M,Working,Motorcyclist,Pedestrian,Overspeeding
AID0977,08-02-2022,W,JH,Moderate,Storm,Loc107,445,Night,Truck,Model15,983,F,20,20,Serious,5,M,Upper,Cyclist,Passenger,Overspeeding
AID0978,19-03-2022,T,HP,Moderate,Snow,Loc140,627,Daylight,Bus,Model14,863,F,60,18,Slight,43,F,Middle,Cyclist,Passenger,Overspeeding
AID0979,29-04-2023,F,UK,Minor,Snow,Loc57,2022,Night,Car,Model20,1068,M,38,10,Slight,72,M,Middle,Cyclist,Passenger,Overspeeding
AID0980,10-04-2023,S,GJ,Moderate,Rain,Loc126,237,Twilight,Truck,Model39,1677,M,38,15,Serious,46,M,Middle,Motorcyclist,Pedestrian,Overspeeding
AID0981,04-05-2022,F,AS,Severe,Storm,Loc172,142,Night,Motorcycle,Model25,1891,F,31,16,Fatal,41,M,Upper,Car Passenger,Pedestrian,Overspeeding
AID0982,16-04-2023,T,GJ,Minor,Rain,Loc198,814,Twilight,Truck,Model7,1929,F,44,8,Slight,22,F,Middle,Car Passenger,Passenger,Overspeeding
AID0983,10-05-2023,T,MN,Minor,Clear,Loc62,1127,Daylight,Bus,Model25,1021,M,69,17,Fatal,36,F,Middle,Pedestrian,Passenger,Overspeeding
AID0984,03-09-2023,S,WB,Moderate,Snow,Loc125,933,Twilight,Motorcycle,Model44,1977,M,23,8,Serious,32,F,Middle,Car Passenger,Pedestrian,Overspeeding
AID0985,25-11-2022,S,HR,Severe,Clear,Loc180,2151,Twilight,Truck,Model2,1307,F,30,4,Serious,70,F,Working,Pedestrian,Passenger,Overspeeding
AID0986,03-04-2022,T,RJ,Severe,Rain,Loc179,919,Night,Motorcycle,Model21,2355,M,38,10,Slight,7,M,Working,Pedestrian,Passenger,Overspeeding
AID0987,04-09-2023,S,WB,Minor,Fog,Loc120,920,Twilight,Truck,Model37,1433,M,26,0,Serious,40,M,Upper,Cyclist,Pedestrian,Overspeeding
AID0988,05-10-2022,M,AR,Severe,Fog,Loc89,6,Night,Truck,Model16,2529,M,47,8,Serious,9,F,Middle,Pedestrian,Pedestrian,Overspeeding
AID0989,09-03-2022,S,RJ,Moderate,Snow,Loc128,1634,Night,Motorcycle,Model4,1730,F,30,9,Fatal,33,M,Upper,Car Passenger,Pedestrian,Overspeeding
AID0990,08-03-2023,S,TN,Severe,Clear,Loc22,1014,Twilight,Bus,Model22,1155,F,44,2,Slight,37,F,Middle,Cyclist,Pedestrian,Overspeeding
AID0991,09-10-2023,T,SK,Minor,Fog,Loc63,447,Daylight,Motorcycle,Model32,1621,F,70,17,Serious,70,F,Working,Car Passenger,Passenger,Overspeeding
AID0992,05-12-2022,T,KL,Severe,Rain,Loc99,410,Twilight,Car,Model8,1237,F,55,2,Fatal,31,F,Upper,Motorcyclist,Pedestrian,Overspeeding
AID0993,22-09-2022,S,TR,Severe,Fog,Loc105,1940,Night,Truck,Model29,1838,M,20,16,Fatal,64,F,Upper,Pedestrian,Passenger,Overspeeding
AID0994,31-03-2023,T,AR,Severe,Rain,Loc101,1333,Daylight,Truck,Model22,2677,F,39,19,Serious,36,F,Upper,Cyclist,Passenger,Overspeeding
AID0995,02-06-2022,T,ML,Moderate,Snow,Loc69,1208,Twilight,Truck,Model5,2670,M,18,8,Fatal,64,M,Middle,Pedestrian,Passenger,Overspeeding
AID0996,27-07-2022,T,ML,Minor,Rain,Loc115,849,Daylight,Motorcycle,Model15,1890,M,57,19,Slight,71,F,Working,Cyclist,Passenger,Overspeeding
AID0997,31-07-2022,T,MZ,Severe,Clear,Loc52,417,Night,Car,Model9,1459,F,42,7,Serious,69,F,Middle,Pedestrian,Passenger,Overspeeding
AID0998,05-06-2023,S,UP,Moderate,Snow,Loc153,734,Twilight,Truck,Model45,1285,M,50,8,Fatal,4,M,Working,Cyclist,Passenger,Overspeeding
AID0999,20-12-2023,T,BR,Minor,Fog,Loc125,1622,Twilight,Car,Model46,1282,M,63,0,Slight,66,M,Upper,Pedestrian,Pedestrian,Overspeeding
AID1000,23-04-2022,W,SK,Severe,Fog,Loc19,1519,Twilight,Bus,Model38,2620,M,41,7,Slight,74,F,Middle,Pedestrian,Passenger,Overspeeding